eos,observable,h,Q,Q_R,p_est,sigma
SLy,Lambda14,1.0,1.2541257302210933,1.234,2.0,0.05
SLy,Lambda14,0.5,1.238966973784177,1.234,2.0,0.05
SLy,Lambda14,0.25,1.2352900264156528,1.234,2.0,0.05
SLy,Lambda14,0.125,1.2343141390643304,1.234,2.0,0.05
AP4,Lambda14,1.0,1.2271964959402584,1.198,2.1,0.05
AP4,Lambda14,0.5,1.2051242649799536,1.198,2.1,0.05
AP4,Lambda14,0.25,1.1997387071162264,1.198,2.1,0.05
AP4,Lambda14,0.125,1.1983987730478665,1.198,2.1,0.05
