EOS,sigma,residual,derived
AP4-PP(Read2009),0.0,0.0,False
AP4-PP(Read2009),0.04,-75.78247310623951,True
AP4-PP(Read2009),0.06,-105.09640220489791,False
Poly2(toy),0.0,0.0,False
Poly2(toy),0.04,-444.7434973478803,True
Poly2(toy),0.06,-2085.9634626823954,False
SLy-PP(Read2009),0.0,0.0,False
SLy-PP(Read2009),0.04,-72.17364483644562,True
SLy-PP(Read2009),0.06,-100.32329155965725,False
